"";"STATE";"fund_tot";"numaward_tot";"yr";"moneyrat"
"1";"AK";1839495;13;1992;141499,615384615
"2";"AL";111440225;588;1992;189524,192176871
"3";"AR";14596469;100;1992;145964,69
"4";"AZ";68811499;359;1992;191675,484679666
"5";"CA";1158704469;5186;1992;223429,322984959
"6";"CO";129652986;679;1992;190946,960235641
"7";"CT";212036459;916;1992;231480,850436681
"8";"DC";111256365;490;1992;227053,806122449
"9";"DE";4751180;27;1992;175969,62962963
"10";"FL";119492232;655;1992;182430,888549618
"11";"GA";107590095;602;1992;178721,088039867
"12";"GU";194719;1;1992;194719
"13";"HI";16825491;82;1992;205188,914634146
"14";"IA";81267892;395;1992;205741,498734177
"15";"ID";1110398;15;1992;74026,5333333333
"16";"IL";247288066;1377;1992;179584,652142338
"17";"IN";18509325;126;1992;146899,404761905
"18";"KS";26035654;171;1992;152255,286549708
"19";"KY";34882668;250;1992;139530,672
"20";"LA";22478273;138;1992;162886,036231884
"21";"MA";818560167;3514;1992;232942,563175868
"22";"MD";512196289;2165;1992;236580,272055427
"23";"ME";13921084;65;1992;214170,523076923
"24";"MI";241915662;1234;1992;196041,86547812
"25";"MN";172551462;824;1992;209407,11407767
"26";"MO";180774738;882;1992;204960,020408163
"27";"MS";9054709;75;1992;120729,453333333
"28";"MT";4049456;42;1992;96415,6190476191
"29";"NC";315379611;1458;1992;216309,74691358
"30";"ND";1934947;17;1992;113820,411764706
"31";"NE";23209336;158;1992;146894,53164557
"32";"NH";36891151;172;1992;214483,436046512
"33";"NJ";89825011;485;1992;185206,208247423
"34";"NM";28844021;168;1992;171690,601190476
"35";"NV";7256165;52;1992;139541,634615385
"36";"NY";933045206;3976;1992;234669,317404427
"37";"OH";224761913;1171;1992;191940,147736977
"38";"OK";21745152;165;1992;131788,8
"39";"OR";85947611;497;1992;172932,818913481
"40";"PA";497516113;2205;1992;225630,890249433
"41";"PR";20740125;61;1992;340002,049180328
"42";"RI";39703472;226;1992;175679,079646018
"43";"SC";27958144;181;1992;154464,883977901
"44";"SD";1612226;13;1992;124017,384615385
"45";"TN";135332656;669;1992;202290,965620329
"46";"TX";342872831;1827;1992;187669,858237548
"47";"UT";62212843;356;1992;174755,176966292
"48";"VA";246117177;805;1992;305735,623602484
"49";"VI";436712;3;1992;145570,666666667
"50";"VT";32907602;157;1992;209602,560509554
"51";"WA";303648828;1127;1992;269431,080745342
"52";"WI";144270747;765;1992;188589,211764706
"53";"WV";7866544;61;1992;128959,737704918
"54";"WY";1616206;16;1992;101012,875
"55";"AK";2143030;13;1993;164848,461538462
"56";"AL";114736721;609;1993;188401,840722496
"57";"AR";15517669;100;1993;155176,69
"58";"AZ";69302322;329;1993;210645,3556231
"59";"CA";1152571466;4965;1993;232139,268076536
"60";"CO";54195749;274;1993;197794,704379562
"61";"CT";205346109;878;1993;233879,395216401
"62";"DC";110417202;489;1993;225802,049079755
"63";"DE";4564861;28;1993;163030,75
"64";"FL";69687989;438;1993;159104,997716895
"65";"GA";117320745;629;1993;186519,467408585
"66";"HI";17776536;65;1993;273485,169230769
"67";"IA";85411259;397;1993;215141,710327456
"68";"ID";1085417;11;1993;98674,2727272727
"69";"IL";153631552;759;1993;202413,11198946
"70";"IN";18312813;112;1993;163507,258928571
"71";"KS";29545772;180;1993;164143,177777778
"72";"KY";36464416;252;1993;144700,063492063
"73";"LA";7531899;44;1993;171179,522727273
"74";"MA";787505089;3219;1993;244642,773842808
"75";"MD";526430685;2156;1993;244170,076530612
"76";"ME";15068970;62;1993;243047,903225806
"77";"MI";227000710;1128;1993;201241,764184397
"78";"MN";179495608;808;1993;222148,02970297
"79";"MO";184503811;840;1993;219647,394047619
"80";"MS";12752757;85;1993;150032,435294118
"81";"MT";3361922;29;1993;115928,344827586
"82";"NC";331773646;1461;1993;227086,684462697
"83";"ND";2073123;17;1993;121948,411764706
"84";"NE";24759520;160;1993;154747
"85";"NH";33873519;165;1993;205294,054545455
"86";"NJ";90159996;479;1993;188225,461377871
"87";"NM";29793916;170;1993;175258,329411765
"88";"NV";6711741;44;1993;152539,568181818
"89";"NY";886883402;3676;1993;241263,16702938
"90";"OH";117390805;527;1993;222752,950664137
"91";"OK";21641191;160;1993;135257,44375
"92";"OR";46947499;233;1993;201491,412017167
"93";"PA";501675613;2226;1993;225370,895327943
"94";"RI";37986686;223;1993;170343,883408072
"95";"SC";26117245;168;1993;155459,791666667
"96";"SD";1530923;11;1993;139174,818181818
"97";"TN";118080906;531;1993;222374,587570621
"98";"TX";399717427;1978;1993;202081,611223458
"99";"UT";59335528;345;1993;171987,037681159
"100";"VA";211504234;761;1993;277929,348226018
"101";"VT";30666938;145;1993;211496,124137931
"102";"WA";267814531;1042;1993;257019,703454894
"103";"WI";151768555;740;1993;205092,641891892
"104";"WV";9535690;62;1993;153801,451612903
"105";"WY";1253278;12;1993;104439,833333333
"106";"AK";2310379;17;1994;135904,647058824
"107";"AL";126499949;582;1994;217353,864261168
"108";"AR";19315307;117;1994;165088,094017094
"109";"AZ";71639289;319;1994;224574,573667712
"110";"CA";1248446643;5235;1994;238480,734097421
"111";"CO";159930594;764;1994;209333,238219895
"112";"CT";217300687;921;1994;235939,942453855
"113";"DC";133918371;542;1994;247081,865313653
"114";"DE";6627299;30;1994;220909,966666667
"115";"FL";135316955;651;1994;207860,145929339
"116";"GA";122895296;626;1994;196318,364217252
"117";"GU";567621;4;1994;141905,25
"118";"HI";24102291;76;1994;317135,407894737
"119";"IA";82898281;362;1994;229000,776243094
"120";"ID";1191756;13;1994;91673,5384615385
"121";"IL";262376897;1355;1994;193636,086346863
"122";"IN";87989483;467;1994;188414,310492505
"123";"KS";29234076;174;1994;168011,931034483
"124";"KY";36356401;247;1994;147191,906882591
"125";"LA";59289302;305;1994;194391,154098361
"126";"MA";885923122;3599;1994;246158,133370381
"127";"MD";543381732;2062;1994;263521,693501455
"128";"ME";18261917;74;1994;246782,662162162
"129";"MI";258591089;1256;1994;205884,625
"130";"MN";184639466;803;1994;229937,068493151
"131";"MO";200003626;882;1994;226761,480725624
"132";"MS";13962431;88;1994;158663,988636364
"133";"MT";4990619;40;1994;124765,475
"134";"NC";353145788;1507;1994;234336,95288653
"135";"ND";1770585;20;1994;88529,25
"136";"NE";23375188;146;1994;160104,02739726
"137";"NH";35430632;165;1994;214731,103030303
"138";"NJ";92507033;498;1994;185757,09437751
"139";"NM";35155874;177;1994;198620,757062147
"140";"NV";9115320;42;1994;217031,428571429
"141";"NY";945736831;3858;1994;245136,555469155
"142";"OH";243985657;1191;1994;204857,814441646
"143";"OK";24249255;164;1994;147861,31097561
"144";"OR";96360085;479;1994;201169,279749478
"145";"PA";538272004;2448;1994;219882,354575163
"146";"PR";22715957;63;1994;360570,746031746
"147";"RI";37809979;220;1994;171863,540909091
"148";"SC";33282993;198;1994;168095,924242424
"149";"SD";1859169;15;1994;123944,6
"150";"TN";142560738;683;1994;208727,288433382
"151";"TX";448166030;2112;1994;212199,824810606
"152";"UT";61190715;320;1994;191220,984375
"153";"VA";150786539;709;1994;212674,94922426
"154";"VI";570691;4;1994;142672,75
"155";"VT";28592373;131;1994;218262,389312977
"156";"WA";295772440;1137;1994;260134,072119613
"157";"WI";157481701;761;1994;206940,474375821
"158";"WV";6526536;56;1994;116545,285714286
"159";"WY";669608;7;1994;95658,2857142857
"160";"AK";1551202;11;1995;141018,363636364
"161";"AL";132914603;595;1995;223385,887394958
"162";"AR";20807865;112;1995;185784,508928571
"163";"AZ";74461311;325;1995;229111,726153846
"164";"CA";1353180467;5255;1995;257503,419029496
"165";"CO";153652128;725;1995;211933,969655172
"166";"CT";221398028;888;1995;249322,103603604
"167";"DC";127892321;508;1995;251756,537401575
"168";"DE";5395455;27;1995;199831,666666667
"169";"FL";131468659;629;1995;209012,176470588
"170";"GA";121882761;611;1995;199480,787234043
"171";"GU";578453;3;1995;192817,666666667
"172";"HI";19812464;59;1995;335804,474576271
"173";"IA";84587682;368;1995;229857,831521739
"174";"ID";1068421;10;1995;106842,1
"175";"IL";281646622;1359;1995;207245,49080206
"176";"IN";93119699;454;1995;205109,469162996
"177";"KS";31598736;180;1995;175548,533333333
"178";"KY";36831589;237;1995;155407,548523207
"179";"LA";54540128;270;1995;202000,474074074
"180";"MA";911297528;3638;1995;250494,097855965
"181";"MD";482916696;1981;1995;243774,202927814
"182";"ME";20555086;88;1995;233580,522727273
"183";"MI";263651169;1224;1995;215401,281862745
"184";"MN";196776027;834;1995;235942,478417266
"185";"MO";211176088;921;1995;229289,997828447
"186";"MS";14254134;82;1995;173830,902439024
"187";"MT";4853911;39;1995;124459,256410256
"188";"NC";368775157;1497;1995;246342,790247161
"189";"ND";3268935;27;1995;121071,666666667
"190";"NE";26285398;164;1995;160276,817073171
"191";"NH";37109510;161;1995;230493,850931677
"192";"NJ";99695069;486;1995;205133,886831276
"193";"NM";32901130;173;1995;190179,942196532
"194";"NV";5971910;37;1995;161402,972972973
"195";"NY";943338110;3722;1995;253449,250403009
"196";"OH";257979964;1200;1995;214983,303333333
"197";"OK";26796247;163;1995;164394,153374233
"198";"OR";102325615;493;1995;207557,028397566
"199";"PA";585242195;2516;1995;232608,185612083
"200";"PR";24697062;66;1995;374197,909090909
"201";"RI";41031248;232;1995;176858,827586207
"202";"SC";32406057;186;1995;174226,112903226
"203";"SD";1566925;14;1995;111923,214285714
"204";"TN";147589807;651;1995;226712,453149002
"205";"TX";443505172;2078;1995;213428,860442733
"206";"UT";68684459;324;1995;211989,070987654
"207";"VA";151003425;731;1995;206571,032831737
"208";"VI";805313;3;1995;268437,666666667
"209";"VT";26213708;122;1995;214866,459016393
"210";"WA";334785657;1173;1995;285409,767263427
"211";"WI";166463601;791;1995;210447,03034134
"212";"WV";6513901;46;1995;141606,543478261
"213";"WY";814633;7;1995;116376,142857143
"214";"AK";2639531;20;1996;131976,55
"215";"AL";147339402;602;1996;244749,837209302
"216";"AR";20879201;114;1996;183150,885964912
"217";"AZ";71486878;304;1996;235154,203947368
"218";"CA";1367922237;5290;1996;258586,434215501
"219";"CO";163304048;730;1996;223704,175342466
"220";"CT";233687012;908;1996;257364,550660793
"221";"DC";132522961;491;1996;269904,197556008
"222";"DE";7610899;38;1996;200286,815789474
"223";"FL";134841298;623;1996;216438,680577849
"224";"GA";128232698;609;1996;210562,722495895
"225";"GU";553247;3;1996;184415,666666667
"226";"HI";19585819;61;1996;321079
"227";"IA";92426368;368;1996;251158,608695652
"228";"ID";1586642;12;1996;132220,166666667
"229";"IL";299471083;1367;1996;219071,750548647
"230";"IN";97450044;460;1996;211847,92173913
"231";"KS";34198637;179;1996;191053,837988827
"232";"KY";41932979;253;1996;165743
"233";"LA";57566529;291;1996;197823,12371134
"234";"MA";1003582560;3859;1996;260062,855662089
"235";"MD";538717465;1927;1996;279562,773741567
"236";"ME";23782681;87;1996;273364,149425287
"237";"MI";277745340;1195;1996;232422,878661088
"238";"MN";199496872;834;1996;239204,882494005
"239";"MO";229629234;947;1996;242480,711721225
"240";"MS";12819636;82;1996;156337,024390244
"241";"MT";5999935;38;1996;157893,026315789
"242";"NC";392480932;1539;1996;255023,34762833
"243";"ND";3045691;21;1996;145032,904761905
"244";"NE";28618236;151;1996;189524,741721854
"245";"NH";41037943;183;1996;224251,054644809
"246";"NJ";105407188;489;1996;215556,621676892
"247";"NM";35285300;154;1996;229125,324675325
"248";"NV";7544519;36;1996;209569,972222222
"249";"NY";982217778;3809;1996;257867,623523234
"250";"OH";276710120;1237;1996;223694,518997575
"251";"OK";30585068;169;1996;180976,733727811
"252";"OR";104279816;490;1996;212815,951020408
"253";"PA";612544584;2576;1996;237789,046583851
"254";"PR";23304707;53;1996;439711,452830189
"255";"RI";43073413;233;1996;184864,433476395
"256";"SC";35775389;169;1996;211688,692307692
"257";"SD";1560568;13;1996;120043,692307692
"258";"TN";156483269;683;1996;229111,667642753
"259";"TX";477994467;2076;1996;230247,816473988
"260";"UT";68157656;325;1996;209715,864615385
"261";"VA";153602620;764;1996;201050,54973822
"262";"VT";26709155;128;1996;208665,2734375
"263";"WA";335187875;1220;1996;274744,159836066
"264";"WI";168097334;786;1996;213864,292620865
"265";"WV";6683859;48;1996;139247,0625
"266";"WY";971570;8;1996;121446,25
"267";"AK";2475942;17;1997;145643,647058824
"268";"AL";148993075;610;1997;244250,942622951
"269";"AR";20553998;107;1997;192093,439252336
"270";"AZ";76918909;344;1997;223601,479651163
"271";"CA";1449227795;5523;1997;262398,659243165
"272";"CO";181830372;800;1997;227287,965
"273";"CT";244759808;928;1997;263749,793103448
"274";"DC";134302684;515;1997;260781,910679612
"275";"DE";7172636;37;1997;193855,027027027
"276";"FL";146936537;678;1997;216720,556047198
"277";"GA";147262302;683;1997;215610,983894583
"278";"GU";417201;1;1997;417201
"279";"HI";19959834;58;1997;344135,068965517
"280";"IA";94364585;387;1997;243836,136950904
"281";"ID";1172148;8;1997;146518,5
"282";"IL";319872893;1442;1997;221825,861997226
"283";"IN";104231899;482;1997;216248,753112033
"284";"KS";34964213;174;1997;200943,752873563
"285";"KY";48434805;275;1997;176126,563636364
"286";"LA";62301001;315;1997;197780,955555556
"287";"MA";1063553404;4085;1997;260355,790452876
"288";"MD";605573941;2082;1997;290861,643131604
"289";"ME";25655011;102;1997;251519,715686275
"290";"MI";299284329;1243;1997;240775,80772325
"291";"MN";201121009;847;1997;237451,014167651
"292";"MO";246448594;981;1997;251221,808358818
"293";"MS";14947013;82;1997;182280,646341463
"294";"MT";6688982;46;1997;145412,652173913
"295";"NC";409454458;1610;1997;254319,539130435
"296";"ND";3226109;27;1997;119485,518518519
"297";"NE";26445263;152;1997;173981,993421053
"298";"NH";42153584;190;1997;221860,968421053
"299";"NJ";114117839;525;1997;217367,312380952
"300";"NM";42156033;168;1997;250928,767857143
"301";"NV";9295150;43;1997;216166,279069767
"302";"NY";1039155901;3995;1997;260114,117897372
"303";"OH";306349510;1312;1997;233498,102134146
"304";"OK";30686823;154;1997;199265,084415584
"305";"OR";119186361;536;1997;222362,61380597
"306";"PA";678753049;2782;1997;243980,247663551
"307";"PR";26128619;65;1997;401978,753846154
"308";"RI";53139413;274;1997;193939,46350365
"309";"SC";39434402;188;1997;209757,457446809
"310";"SD";2631690;16;1997;164480,625
"311";"TN";163388030;718;1997;227559,930362117
"312";"TX";499539697;2163;1997;230947,617660656
"313";"UT";76020968;338;1997;224914,106508876
"314";"VA";159519290;751;1997;212409,174434088
"315";"VI";350227;2;1997;175113,5
"316";"VT";26070396;117;1997;222823,897435897
"317";"WA";378822758;1292;1997;293206,469040248
"318";"WI";177558787;815;1997;217863,542331288
"319";"WV";7541652;52;1997;145031,769230769
"320";"WY";1164343;9;1997;129371,444444444
"321";"AK";2552699;10;1998;255269,9
"322";"AL";166254553;600;1998;277090,921666667
"323";"AR";24841589;118;1998;210521,940677966
"324";"AZ";86614683;376;1998;230358,199468085
"325";"CA";1664314181;5614;1998;296457,816351977
"326";"CO";192406027;824;1998;233502,459951456
"327";"CT";254319198;926;1998;274642,762419006
"328";"DC";147025766;487;1998;301900,95687885
"329";"DE";7584821;39;1998;194482,58974359
"330";"FL";160394719;671;1998;239038,329359165
"331";"GA";165308638;715;1998;231200,892307692
"332";"GU";26989;1;1998;26989
"333";"HI";21612342;58;1998;372626,586206897
"334";"IA";109481025;424;1998;258209,964622642
"335";"ID";1370466;10;1998;137046,6
"336";"IL";348263506;1519;1998;229271,564186965
"337";"IN";110791640;489;1998;226567,770961145
"338";"KS";43936082;202;1998;217505,356435644
"339";"KY";47835106;275;1998;173945,84
"340";"LA";66487576;313;1998;212420,370607029
"341";"MA";1176521631;4216;1998;279061,107922201
"342";"MD";498932570;1667;1998;299299,682063587
"343";"ME";30481756;116;1998;262773,75862069
"344";"MI";321038400;1272;1998;252388,679245283
"345";"MN";213368887;886;1998;240822,671557562
"346";"MO";273803442;1000;1998;273803,442
"347";"MS";16172808;83;1998;194853,108433735
"348";"MT";6894032;46;1998;149870,260869565
"349";"NC";440547462;1580;1998;278827,507594937
"350";"ND";2229689;17;1998;131158,176470588
"351";"NE";30244903;150;1998;201632,686666667
"352";"NH";38595184;178;1998;216826,876404494
"353";"NJ";131748274;548;1998;240416,558394161
"354";"NM";41750846;153;1998;272881,346405229
"355";"NV";9570793;44;1998;217518,022727273
"356";"NY";1123984751;4055;1998;277184,895437731
"357";"OH";338979895;1365;1998;248336,919413919
"358";"OK";35066586;143;1998;245220,881118881
"359";"OR";133498520;554;1998;240972,057761733
"360";"PA";720876399;2754;1998;261756,136165577
"361";"PR";6046646;18;1998;335924,777777778
"362";"RI";51927891;267;1998;194486,483146067
"363";"SC";45601615;199;1998;229153,844221106
"364";"SD";2508831;18;1998;139379,5
"365";"TN";174686703;743;1998;235109,963660834
"366";"TX";551331464;2211;1998;249358,418815016
"367";"UT";78349194;350;1998;223854,84
"368";"VA";166097175;769;1998;215991,124837451
"369";"VI";381184;2;1998;190592
"370";"VT";29956598;130;1998;230435,369230769
"371";"WA";397124434;1297;1998;306186,919043948
"372";"WI";191219619;824;1998;232062,644417476
"373";"WV";9660150;51;1998;189414,705882353
"374";"WY";1907709;13;1998;146746,846153846
"375";"AK";1736952;7;1999;248136
"376";"AL";180083299;647;1999;278335,85625966
"377";"AR";29449179;135;1999;218142,066666667
"378";"AZ";97476681;399;1999;244302,458646617
"379";"CA";1843185258;6103;1999;302012,986727839
"380";"CO";203790966;867;1999;235053,017301038
"381";"CT";293584786;1034;1999;283931,127659574
"382";"DC";153671309;545;1999;281965,704587156
"383";"DE";9383463;53;1999;177046,471698113
"384";"FL";182804757;739;1999;247367,736129905
"385";"GA";192050289;792;1999;242487,738636364
"386";"GU";468414;3;1999;156138
"387";"HI";22542727;63;1999;357821,063492063
"388";"IA";128677081;474;1999;271470,635021097
"389";"ID";2532246;15;1999;168816,4
"390";"IL";423766760;1642;1999;258079,634591961
"391";"IN";124978830;535;1999;233605,289719626
"392";"KS";45312595;230;1999;197011,282608696
"393";"KY";59885327;328;1999;182577,216463415
"394";"LA";75488305;340;1999;222024,426470588
"395";"MA";1332359138;4495;1999;296409,151946607
"396";"MD";701392172;2286;1999;306820,722659668
"397";"ME";32376532;123;1999;263223,837398374
"398";"MI";348811309;1342;1999;259919,008196721
"399";"MN";244988408;933;1999;262581,359056806
"400";"MO";311436611;1074;1999;289978,222532588
"401";"MS";19207339;82;1999;234235,841463415
"402";"MT";12225794;73;1999;167476,630136986
"403";"NC";488829665;1700;1999;287546,861764706
"404";"ND";5612661;29;1999;193540,034482759
"405";"NE";34361446;164;1999;209521,012195122
"406";"NH";50423807;180;1999;280132,261111111
"407";"NJ";152586319;651;1999;234387,586789555
"408";"NM";49663088;196;1999;253383,102040816
"409";"NV";10498290;50;1999;209965,8
"410";"NY";1238000190;4339;1999;285319,241760774
"411";"OH";379333633;1526;1999;248580,362385321
"412";"OK";41348640;174;1999;237635,862068966
"413";"OR";168170223;641;1999;262356,042121685
"414";"PA";847872308;3099;1999;273595,452726686
"415";"PR";32813509;70;1999;468764,414285714
"416";"RI";59747208;297;1999;201169,050505051
"417";"SC";51650817;243;1999;212554,802469136
"418";"SD";3721701;23;1999;161813,086956522
"419";"TN";199660281;782;1999;255320,052429668
"420";"TX";638974055;2432;1999;262736,042351974
"421";"UT";92494681;371;1999;249311,808625337
"422";"VA";200444098;860;1999;233074,53255814
"423";"VI";82512;3;1999;27504
"424";"VT";36587240;150;1999;243914,933333333
"425";"WA";459192913;1376;1999;333715,779796512
"426";"WI";217767029;861;1999;252923,378629501
"427";"WV";9570361;56;1999;170899,303571429
"428";"WY";1583222;12;1999;131935,166666667
"429";"AK";3578223;9;2000;397580,333333333
"430";"AL";196633863;658;2000;298835,658054711
"431";"AR";39097540;153;2000;255539,477124183
"432";"AZ";110701813;409;2000;270664,579462103
"433";"CA";2120182071;6464;2000;327998,463954208
"434";"CO";238195818;919;2000;259190,226332971
"435";"CT";317014973;1079;2000;293804,423540315
"436";"DC";156642525;543;2000;288476,104972376
"437";"DE";14633625;57;2000;256730,263157895
"438";"FL";222202792;837;2000;265475,259259259
"439";"GA";236211969;875;2000;269956,536
"440";"GU";427106;2;2000;213553
"441";"HI";35309141;73;2000;483686,863013699
"442";"IA";136447199;485;2000;281334,430927835
"443";"ID";4158726;15;2000;277248,4
"444";"IL";465195298;1726;2000;269522,188876014
"445";"IN";141716445;535;2000;264890,551401869
"446";"KS";53214796;226;2000;235463,699115044
"447";"KY";82786140;374;2000;221353,315508021
"448";"LA";79136711;348;2000;227404,341954023
"449";"MA";1538646943;4735;2000;324951,835902851
"450";"MD";863487231;2435;2000;354614,87926078
"451";"ME";44268358;122;2000;362855,393442623
"452";"MI";386537647;1341;2000;288245,821774795
"453";"MN";277703433;958;2000;289878,322546973
"454";"MO";364509508;1135;2000;321153,75154185
"455";"MS";22118108;82;2000;269733,024390244
"456";"MT";18630885;82;2000;227205,914634146
"457";"NC";583231996;1741;2000;334998,274554854
"458";"ND";4729771;29;2000;163095,551724138
"459";"NE";40439914;159;2000;254339,081761006
"460";"NH";57184003;198;2000;288808,095959596
"461";"NJ";191207395;676;2000;282851,176035503
"462";"NM";64934879;210;2000;309213,70952381
"463";"NV";14887881;58;2000;256687,603448276
"464";"NY";1408745562;4555;2000;309274,547091109
"465";"OH";434642946;1606;2000;270636,95267746
"466";"OK";44249160;171;2000;258767,01754386
"467";"OR";186858818;678;2000;275602,97640118
"468";"PA";940753881;3157;2000;297989,826100729
"469";"PR";40986851;71;2000;577279,591549296
"470";"RI";79211303;339;2000;233661,660766962
"471";"SC";62669603;274;2000;228721,178832117
"472";"SD";8080905;24;2000;336704,375
"473";"TN";233160843;839;2000;277903,269368296
"474";"TX";766002387;2533;2000;302409,153967627
"475";"UT";110720992;415;2000;266797,571084337
"476";"VA";222170831;838;2000;265120,323389022
"477";"VI";142968;2;2000;71484
"478";"VT";49300110;167;2000;295210,239520958
"479";"WA";510537742;1462;2000;349205,021887825
"480";"WI";251116675;901;2000;278708,85127636
"481";"WV";10528113;50;2000;210562,26
"482";"WY";4749093;14;2000;339220,928571429
"483";"AK";8445546;16;2001;527846,625
"484";"AL";209460987;655;2001;319787,766412214
"485";"AR";43443292;143;2001;303799,244755245
"486";"AZ";117085500;432;2001;271031,25
"487";"CA";2186417270;6622;2001;330174,761401389
"488";"CO";258635676;942;2001;274560,165605096
"489";"CT";362878400;1079;2001;336309,916589435
"490";"DC";181864934;499;2001;364458,785571142
"491";"DE";17781231;62;2001;286794,048387097
"492";"FL";244099721;869;2001;280897,262370541
"493";"GA";262358042;911;2001;287989,069154775
"494";"GU";1144960;3;2001;381653,333333333
"495";"HI";41128734;86;2001;478241,093023256
"496";"IA";157085580;494;2001;317987,004048583
"497";"ID";5769466;16;2001;360591,625
"498";"IL";501323914;1808;2001;277280,925884956
"499";"IN";148963087;546;2001;272826,166666667
"500";"KS";63239322;234;2001;270253,512820513
"501";"KY";93641381;392;2001;238881,073979592
"502";"LA";85944132;331;2001;259649,945619335
"503";"MA";1672981088;4847;2001;345158,054054054
"504";"MD";750874856;2160;2001;347627,248148148
"505";"ME";59795877;119;2001;502486,361344538
"506";"MI";423758562;1389;2001;305081,758099352
"507";"MN";310808807;976;2001;318451,646516393
"508";"MO";394482854;1203;2001;327915,921862012
"509";"MS";17907767;79;2001;226680,594936709
"510";"MT";21186155;75;2001;282482,066666667
"511";"NC";599050675;1802;2001;332436,556603774
"512";"ND";10768721;31;2001;347378,096774194
"513";"NE";51997612;182;2001;285701,164835165
"514";"NH";65866032;199;2001;330985,085427136
"515";"NJ";188222320;650;2001;289572,8
"516";"NM";73935152;208;2001;355457,461538462
"517";"NV";17830973;61;2001;292311,032786885
"518";"NY";1538008168;4757;2001;323314,729451335
"519";"OH";456175903;1639;2001;278325,74923734
"520";"OK";52340120;175;2001;299086,4
"521";"OR";205057818;689;2001;297616,571843251
"522";"PA";1067234724;3328;2001;320683,510817308
"523";"PR";44927426;76;2001;591150,342105263
"524";"RI";92104064;367;2001;250964,752043597
"525";"SC";81622844;306;2001;266741,320261438
"526";"SD";8346005;22;2001;379363,863636364
"527";"TN";273718669;898;2001;304809,208240535
"528";"TX";860847064;2637;2001;326449,398558969
"529";"UT";117528329;427;2001;275241,988290398
"530";"VA";232513886;825;2001;281835,013333333
"531";"VI";743320;2;2001;371660
"532";"VT";57956183;180;2001;321978,794444444
"533";"WA";572434714;1483;2001;385997,784221173
"534";"WI";276631377;917;2001;301669,985823337
"535";"WV";13723312;49;2001;280067,591836735
"536";"WY";7513335;20;2001;375666,75
"537";"AK";9677436;13;2002;744418,153846154
"538";"AL";241702468;667;2002;362372,515742129
"539";"AR";52720179;146;2002;361097,116438356
"540";"AZ";134899439;453;2002;297791,25607064
"541";"CA";2490297166;7001;2002;355705,922868162
"542";"CO";283941078;1014;2002;280020,786982249
"543";"CT";386656790;1157;2002;334189,101123595
"544";"DC";211473649;525;2002;402806,95047619
"545";"DE";25252932;75;2002;336705,76
"546";"FL";287019772;953;2002;301174,996852046
"547";"GA";308026537;966;2002;318868,050724638
"548";"GU";1173891;6;2002;195648,5
"549";"HI";48928603;88;2002;556006,852272727
"550";"IA";170378602;517;2002;329552,421663443
"551";"ID";11685766;25;2002;467430,64
"552";"IL";555145245;1859;2002;298625,736955352
"553";"IN";167284786;576;2002;290424,975694444
"554";"KS";74811198;234;2002;319705,974358974
"555";"KY";106554824;419;2002;254307,455847255
"556";"LA";117167967;349;2002;335724,833810888
"557";"MA";1822138329;4968;2002;366775,025966184
"558";"MD";848031287;2266;2002;374241,521182701
"559";"ME";67199295;137;2002;490505,802919708
"560";"MI";457239775;1475;2002;309993,06779661
"561";"MN";348174596;1039;2002;335105,482194418
"562";"MO";442234020;1245;2002;355208,048192771
"563";"MS";26107055;85;2002;307141,823529412
"564";"MT";26393695;78;2002;338380,705128205
"565";"NC";679626306;1947;2002;349063,331278891
"566";"ND";13609854;44;2002;309314,863636364
"567";"NE";61811681;228;2002;271103,864035088
"568";"NH";80435852;237;2002;339391,780590717
"569";"NJ";207442115;685;2002;302835,204379562
"570";"NM";84846514;233;2002;364148,128755365
"571";"NV";17687228;53;2002;333721,283018868
"572";"NY";1677987272;5050;2002;332274,707326733
"573";"OH";528990543;1781;2002;297018,833801235
"574";"OK";64743691;195;2002;332018,928205128
"575";"OR";235585173;768;2002;306751,52734375
"576";"PA";1184256137;3530;2002;335483,324929178
"577";"PR";65951363;98;2002;672973,091836735
"578";"RI";108483646;389;2002;278878,267352185
"579";"SC";102231305;347;2002;294614,711815562
"580";"SD";13093147;25;2002;523725,88
"581";"TN";326975271;968;2002;337784,370867769
"582";"TX";980987485;2803;2002;349977,697110239
"583";"UT";129041667;442;2002;291949,472850679
"584";"VA";264051162;869;2002;303856,3429229
"585";"VI";683520;2;2002;341760
"586";"VT";61976961;174;2002;356189,431034483
"587";"WA";645346633;1570;2002;411048,810828025
"588";"WI";320925939;984;2002;326144,24695122
"589";"WV";14696216;53;2002;277287,094339623
"590";"WY";7470565;21;2002;355741,19047619
"591";"AK";10769573;12;2003;897464,416666667
"592";"AL";323113466;687;2003;470325,278020378
"593";"AR";56184948;156;2003;360159,923076923
"594";"AZ";160869921;446;2003;360694,890134529
"595";"CA";3619589540;7363;2003;491591,68002173
"596";"CO";333750162;1019;2003;327527,146221786
"597";"CT";445185740;1207;2003;368836,570008285
"598";"DC";214095411;501;2003;427336,149700599
"599";"DE";29174897;78;2003;374037,141025641
"600";"FL";354854348;967;2003;366964,165460186
"601";"GA";372236397;1028;2003;362097,662451362
"602";"GU";1246643;5;2003;249328,6
"603";"HI";73055668;104;2003;702458,346153846
"604";"IA";196495033;524;2003;374990,520992366
"605";"ID";10769731;19;2003;566827,947368421
"606";"IL";689110801;1925;2003;357979,636883117
"607";"IN";202775176;596;2003;340226,805369128
"608";"KS";75386417;209;2003;360700,559808612
"609";"KY";140407304;448;2003;313409,160714286
"610";"LA";157007876;378;2003;415364,751322751
"611";"MA";2265512043;5199;2003;435759,192729371
"612";"MD";1415908552;2527;2003;560312,050652948
"613";"ME";72867986;144;2003;506027,680555556
"614";"MI";552441816;1490;2003;370766,319463087
"615";"MN";447047632;1077;2003;415086,009285051
"616";"MO";496673584;1236;2003;401839,469255663
"617";"MS";36264876;99;2003;366311,878787879
"618";"MT";34052222;89;2003;382609,235955056
"619";"NC";984227007;2131;2003;461861,57062412
"620";"ND";16274898;42;2003;387497,571428571
"621";"NE";74135352;214;2003;346426,878504673
"622";"NH";99352167;251;2003;395825,366533865
"623";"NJ";274114296;679;2003;403702,939617084
"624";"NM";98796990;223;2003;443035,829596413
"625";"NV";20576385;53;2003;388233,679245283
"626";"NY";1964889285;4983;2003;394318,540036123
"627";"OH";691538371;1797;2003;384829,366165832
"628";"OK";87855798;201;2003;437093,52238806
"629";"OR";258046648;720;2003;358398,122222222
"630";"PA";1394474505;3597;2003;387677,093411176
"631";"PR";59762548;74;2003;807602
"632";"RI";133161645;427;2003;311853,969555035
"633";"SC";120764082;366;2003;329956,508196721
"634";"SD";15323930;32;2003;478872,8125
"635";"TN";410583781;1053;2003;389918,120607787
"636";"TX";1147992873;2836;2003;404792,973554302
"637";"UT";151954210;415;2003;366154,722891566
"638";"VA";450159895;928;2003;485086,09375
"639";"VI";1325656;4;2003;331414
"640";"VT";69409624;189;2003;367246,687830688
"641";"WA";815255551;1610;2003;506369,907453416
"642";"WI";391933300;992;2003;395094,052419355
"643";"WV";18930761;47;2003;402782,14893617
"644";"WY";8126436;17;2003;478025,647058824
"645";"AK";15446156;18;2005;858119,777777778
"646";"AL";297183360;626;2005;474733,801916933
"647";"AR";62288198;161;2005;386883,217391304
"648";"AS";368312;1;2005;368312
"649";"AZ";175880998;485;2005;362641,232989691
"650";"CA";3311231100;7464;2005;443626,889067524
"651";"CO";346626075;985;2005;351904,644670051
"652";"CT";458535852;1217;2005;376775,556285949
"653";"DC";233564647;539;2005;433329,586270872
"654";"DE";26546178;64;2005;414784,03125
"655";"FL";372211883;1042;2005;357209,100767754
"656";"GA";375326716;1007;2005;372717,692154916
"657";"GU";530698;2;2005;265349
"658";"HI";84501498;103;2005;820402,893203884
"659";"IA";193024956;516;2005;374079,372093023
"660";"ID";11539956;24;2005;480831,5
"661";"IL";727628244;1968;2005;369729,798780488
"662";"IN";219046042;623;2005;351598,783306581
"663";"KS";76752535;209;2005;367237,009569378
"664";"KY";164894937;435;2005;379068,820689655
"665";"LA";185016753;387;2005;478079,465116279
"666";"MA";2272675609;5192;2005;437726,427003082
"667";"MD";1764278447;2593;2005;680400,480910143
"668";"ME";66669082;136;2005;490213,838235294
"669";"MI";564329435;1543;2005;365735,213869086
"670";"MN";441846503;1030;2005;428977,187378641
"671";"MO";511712948;1201;2005;426072,396336386
"672";"MS";36646522;77;2005;475928,857142857
"673";"MT";43236231;93;2005;464905,709677419
"674";"NC";1075931713;2207;2005;487508,705482555
"675";"ND";20739876;43;2005;482322,697674419
"676";"NE";75620920;215;2005;351725,209302326
"677";"NH";97934857;242;2005;404689,491735537
"678";"NJ";293206907;688;2005;426172,82994186
"679";"NM";114944144;221;2005;520109,248868778
"680";"NV";22981338;52;2005;441948,807692308
"681";"NY";2021127717;4898;2005;412643,470191915
"682";"OH";721105224;1846;2005;390631,2156013
"683";"OK";82819568;191;2005;433610,303664921
"684";"OR";275962818;757;2005;364547,976221929
"685";"PA";1448431995;3585;2005;404025,661087866
"686";"PR";64360468;76;2005;846848,263157895
"687";"RI";132013130;445;2005;296658,719101124
"688";"SC";127866220;364;2005;351280,824175824
"689";"SD";19568074;28;2005;698859,785714286
"690";"TN";434580817;1059;2005;410369,043437205
"691";"TX";1149983026;2830;2005;406354,42614841
"692";"UT";151570586;422;2005;359172,004739336
"693";"VA";451991318;981;2005;460745,48216106
"694";"VI";831578;3;2005;277192,666666667
"695";"VT";67002764;175;2005;382872,937142857
"696";"WA";812696664;1633;2005;497670,95162278
"697";"WI";387692771;994;2005;390032,968812877
"698";"WV";20356732;53;2005;384089,283018868
"699";"WY";6294329;17;2005;370254,647058824
"700";"AK";7951952;12;2006;662662,666666667
"701";"AL";283758819;626;2006;453288,848242812
"702";"AR";61550246;165;2006;373031,793939394
"703";"AS";341740;1;2006;341740
"704";"AZ";164053210;476;2006;344649,600840336
"705";"CA";3365060603;7481;2006;449814,276567304
"706";"CO";317248542;929;2006;341494,663078579
"707";"CT";460395545;1201;2006;383343,501248959
"708";"DC";208421732;521;2006;400041,712092131
"709";"DE";29979289;79;2006;379484,670886076
"710";"FL";342742652;988;2006;346905,518218623
"711";"GA";372470274;1021;2006;364809,2791381
"712";"GU";793124;3;2006;264374,666666667
"713";"HI";58260690;112;2006;520184,732142857
"714";"IA";195527735;503;2006;388723,131212724
"715";"ID";11567757;21;2006;550845,571428571
"716";"IL";730574197;2024;2006;360955,630928854
"717";"IN";213543396;636;2006;335760,056603774
"718";"KS";79945740;229;2006;349108,034934498
"719";"KY";142988023;431;2006;331758,754060325
"720";"LA";169333624;354;2006;478343,570621469
"721";"MA";2286649660;5094;2006;448890,785237534
"722";"MD";1749019313;3211;2006;544696,142323264
"723";"ME";68886915;135;2006;510273,444444444
"724";"MI";560173913;1496;2006;374447,802807487
"725";"MN";430108451;1058;2006;406529,7268431
"726";"MO";495245427;1213;2006;408281,473206925
"727";"MS";41444661;95;2006;436259,589473684
"728";"MT";36205855;95;2006;381114,263157895
"729";"NC";1080894082;2253;2006;479757,692853972
"730";"ND";14645319;39;2006;375521
"731";"NE";78565444;229;2006;343080,541484716
"732";"NH";93613956;253;2006;370015,636363636
"733";"NJ";268817915;673;2006;399432,265973254
"734";"NM";115803616;223;2006;519298,726457399
"735";"NV";22627344;53;2006;426931,018867925
"736";"NY";1960844622;4831;2006;405887,936659077
"737";"OH";688844817;1865;2006;369353,789276139
"738";"OK";86809264;185;2006;469239,264864865
"739";"OR";285247459;766;2006;372385,716710183
"740";"PA";1441310767;3550;2006;406003,032957746
"741";"PR";62651217;72;2006;870155,791666667
"742";"RI";132160967;443;2006;298331,753950339
"743";"SC";124056821;364;2006;340815,442307692
"744";"SD";19514073;33;2006;591335,545454545
"745";"TN";426450229;1071;2006;398179,485527544
"746";"TX";1116958586;2844;2006;392742,118846695
"747";"UT";152900801;455;2006;336045,716483517
"748";"VA";405589574;1172;2006;346066,189419795
"749";"VI";905552;3;2006;301850,666666667
"750";"VT";63864007;152;2006;420157,940789474
"751";"WA";901006807;1687;2006;534088,208061648
"752";"WI";390637999;998;2006;391420,840681363
"753";"WV";22577149;59;2006;382663,542372881
"754";"WY";7074069;14;2006;505290,642857143
"755";"AK";10810273;13;2007;831559,461538462
"756";"AL";282585620;623;2007;453588,475120385
"757";"AR";60634290;161;2007;376610,49689441
"758";"AS";340759;1;2007;340759
"759";"AZ";175705507;489;2007;359315,965235174
"760";"CA";3684324170;7490;2007;491899,08811749
"761";"CO";338309551;937;2007;361056,084311633
"762";"CT";481583219;1216;2007;396038,831414474
"763";"DC";223469845;431;2007;518491,519721578
"764";"DE";28868589;73;2007;395460,123287671
"765";"FL";408982090;999;2007;409391,481481481
"766";"GA";386226253;1041;2007;371014,652257445
"767";"GU";949688;3;2007;316562,666666667
"768";"HI";70629392;116;2007;608874,068965517
"769";"IA";206471106;505;2007;408853,675247525
"770";"ID";10934096;19;2007;575478,736842105
"771";"IL";769537425;2029;2007;379269,30754066
"772";"IN";215134319;652;2007;329960,61196319
"773";"KS";89553406;243;2007;368532,534979424
"774";"KY";146238045;429;2007;340881,223776224
"775";"LA";139677077;314;2007;444831,455414013
"776";"MA";2317902220;5074;2007;456819,515175404
"777";"MD";1348706612;2514;2007;536478,365950676
"778";"ME";71732236;130;2007;551786,430769231
"779";"MI";624056535;1461;2007;427143,41889117
"780";"MN";471371850;1057;2007;445952,554399243
"781";"MO";491476079;1185;2007;414747,745991561
"782";"MS";44665322;79;2007;565383,82278481
"783";"MT";35792450;85;2007;421087,647058824
"784";"NC";1131758660;2180;2007;519155,348623853
"785";"ND";16992305;34;2007;499773,676470588
"786";"NE";74133038;219;2007;338507,02283105
"787";"NH";91085108;237;2007;384325,35021097
"788";"NJ";283762722;688;2007;412445,816860465
"789";"NM";128659881;242;2007;531652,400826446
"790";"NV";22153851;53;2007;417997,188679245
"791";"NY";2003864544;4846;2007;413508,985555097
"792";"OH";698122460;1809;2007;385916,229961305
"793";"OK";83471561;190;2007;439324,005263158
"794";"OR";280198793;752;2007;372604,777925532
"795";"PA";1440939075;3543;2007;406700,275190516
"796";"PR";59856470;62;2007;965426,935483871
"797";"RI";144740647;482;2007;300291,798755187
"798";"SC";132917324;390;2007;340813,651282051
"799";"SD";17147765;30;2007;571592,166666667
"800";"TN";457844128;1092;2007;419271,179487179
"801";"TX";1130815968;2816;2007;401568,170454545
"802";"UT";161669455;430;2007;375975,476744186
"803";"VA";353882260;938;2007;377273,198294243
"804";"VI";1819748;3;2007;606582,666666667
"805";"VT";67264757;164;2007;410150,957317073
"806";"WA";829282481;1644;2007;504429,73296837
"807";"WI";388727430;1014;2007;383360,384615385
"808";"WV";24694718;71;2007;347812,929577465
"809";"WY";7365267;16;2007;460329,1875
"810";"AK";11549670;17;2008;679392,352941177
"811";"AL";253320768;593;2008;427185,10623946
"812";"AR";58142907;155;2008;375115,529032258
"813";"AS";429775;2;2008;214887,5
"814";"AZ";161941331;440;2008;368048,479545455
"815";"CA";3944228873;7332;2008;537947,20035461
"816";"CO";332932757;925;2008;359927,304864865
"817";"CT";476213910;1191;2008;399843,753148615
"818";"DC";225795194;389;2008;580450,370179949
"819";"DE";29694797;70;2008;424211,385714286
"820";"FL";418478029;1003;2008;417226,34995015
"821";"GA";409714630;1041;2008;393577,934678194
"822";"GU";507217;2;2008;253608,5
"823";"HI";69275167;115;2008;602392,756521739
"824";"IA";212136067;489;2008;433816,08793456
"825";"ID";10095530;15;2008;673035,333333333
"826";"IL";763044862;1991;2008;383247,042692115
"827";"IN";207463856;634;2008;327230,056782334
"828";"KS";97082809;241;2008;402833,232365145
"829";"KY";151149074;437;2008;345878,887871854
"830";"LA";133994355;302;2008;443689,917218543
"831";"MA";2338640674;4986;2008;469041,450862415
"832";"MD";1391533644;2281;2008;610054,206049978
"833";"ME";65909960;125;2008;527279,68
"834";"MI";664574142;1487;2008;446922,758574311
"835";"MN";463787914;1057;2008;438777,591296121
"836";"MO";497924778;1162;2008;428506,69363167
"837";"MS";39716949;87;2008;456516,655172414
"838";"MT";37087696;90;2008;412085,511111111
"839";"NC";1057443486;2187;2008;483513,253772291
"840";"ND";15974512;37;2008;431743,567567568
"841";"NE";80889195;235;2008;344209,340425532
"842";"NH";86927860;219;2008;396930,867579909
"843";"NJ";261270533;640;2008;408235,2078125
"844";"NM";125000899;238;2008;525213,861344538
"845";"NV";20190489;48;2008;420635,1875
"846";"NY";1951235311;4700;2008;415156,449148936
"847";"OH";678657009;1762;2008;385162,888195233
"848";"OK";73032337;171;2008;427089,69005848
"849";"OR";270461336;730;2008;370494,980821918
"850";"PA";1383294990;3498;2008;395453,113207547
"851";"PR";59131560;84;2008;703947,142857143
"852";"RI";141258348;472;2008;299276,161016949
"853";"SC";141357378;389;2008;363386,575835476
"854";"SD";18173499;28;2008;649053,535714286
"855";"TN";453824334;1087;2008;417501,687212511
"856";"TX";1110640119;2775;2008;400230,673513514
"857";"UT";152870357;417;2008;366595,580335731
"858";"VA";331423370;877;2008;377905,781071836
"859";"VI";1856456;4;2008;464114
"860";"VT";66201790;163;2008;406145,950920245
"861";"WA";839649339;1570;2008;534808,496178344
"862";"WI";394969111;999;2008;395364,475475475
"863";"WV";24779754;64;2008;387183,65625
"864";"WY";7386713;16;2008;461669,5625
"865";"AK";10262373;12;2009;855197,75
"866";"AL";290794192;568;2009;511961,605633803
"867";"AR";67137001;166;2009;404439,765060241
"868";"AS";361707;1;2009;361707
"869";"AZ";161216399;435;2009;370612,411494253
"870";"CA";4185472278;7196;2009;581638,726792663
"871";"CO";321043574;873;2009;367747,50744559
"872";"CT";466088109;1118;2009;416894,551878354
"873";"DC";214999119;378;2009;568780,738095238
"874";"DE";29976648;61;2009;491420,459016393
"875";"FL";424371122;989;2009;429091,124368049
"876";"GA";425887905;1029;2009;413885,233236152
"877";"GU";1599186;3;2009;533062
"878";"HI";57393345;91;2009;630696,098901099
"879";"IA";201805816;468;2009;431209,008547009
"880";"ID";10876759;19;2009;572461
"881";"IL";775865550;1994;2009;389100,075225677
"882";"IN";232933671;627;2009;371505,057416268
"883";"KS";112240645;256;2009;438440,01953125
"884";"KY";157621499;433;2009;364021,937644342
"885";"LA";133981855;301;2009;445122,441860465
"886";"MA";2457778054;4936;2009;497929,103322528
"887";"MD";1533068672;2226;2009;688710,095238095
"888";"ME";68454020;131;2009;522549,770992366
"889";"MI";617529088;1480;2009;417249,383783784
"890";"MN";477077850;1034;2009;461390,570599613
"891";"MO";477392790;1111;2009;429696,480648065
"892";"MS";37358460;80;2009;466980,75
"893";"MT";47430356;87;2009;545176,505747126
"894";"NC";1112347585;2140;2009;519788,591121495
"895";"ND";12883279;28;2009;460117,107142857
"896";"NE";89569241;229;2009;391132,056768559
"897";"NH";85798586;208;2009;412493,201923077
"898";"NJ";279562257;615;2009;454572,775609756
"899";"NM";128546506;225;2009;571317,804444444
"900";"NV";22195210;47;2009;472238,510638298
"901";"NY";2049742415;4602;2009;445402,523902651
"902";"OH";701730048;1729;2009;405858,905725853
"903";"OK";80658659;172;2009;468945,691860465
"904";"OR";293424420;681;2009;430872,863436123
"905";"PA";1430933395;3437;2009;416332,090485889
"906";"PR";56934606;91;2009;625655,010989011
"907";"RI";154736809;464;2009;333484,502155172
"908";"SC";154655216;401;2009;385673,855361596
"909";"SD";24009040;29;2009;827897,931034483
"910";"TN";456299869;1076;2009;424070,510223048
"911";"TX";1094887787;2655;2009;412387,113747646
"912";"UT";162748391;397;2009;409945,569269521
"913";"VA";416005263;863;2009;482045,49594438
"914";"VI";2032159;4;2009;508039,75
"915";"VT";60689950;146;2009;415684,589041096
"916";"WA";840977818;1565;2009;537366,017891374
"917";"WI";449632713;942;2009;477317,105095541
"918";"WV";23498618;63;2009;372993,936507937
"919";"WY";8925096;15;2009;595006,4
"920";"AK";11284243;12;2010;940353,583333333
"921";"AL";271922743;577;2010;471269,918544194
"922";"AR";70930209;169;2010;419705,378698225
"923";"AZ";168021743;414;2010;405849,620772947
"924";"CA";3554640717;7262;2010;489485,089093913
"925";"CO";354550457;882;2010;401984,645124717
"926";"CT";484425714;1134;2010;427183,169312169
"927";"DC";199768586;372;2010;537012,327956989
"928";"DE";34153789;67;2010;509758,044776119
"929";"FL";465084600;1040;2010;447196,730769231
"930";"GA";454733412;1038;2010;438086,138728324
"931";"GU";1830151;2;2010;915075,5
"932";"HI";65337554;94;2010;695080,361702128
"933";"IA";205894892;447;2010;460614,970917226
"934";"ID";8276796;15;2010;551786,4
"935";"IL";757213729;1910;2010;396446,978534031
"936";"IN";212941935;612;2010;347944,338235294
"937";"KS";105575355;258;2010;409206,802325581
"938";"KY";145176828;411;2010;353228,291970803
"939";"LA";139730627;313;2010;446423,728434505
"940";"MA";2543013395;4969;2010;511775,688267257
"941";"MD";1836378536;2356;2010;779447,595925297
"942";"ME";73030274;123;2010;593742,06504065
"943";"MI";663317732;1511;2010;438992,542686962
"944";"MN";486296846;1034;2010;470306,427466151
"945";"MO";506172533;1094;2010;462680,560329068
"946";"MS";39754466;81;2010;490795,87654321
"947";"MT";31539065;66;2010;477864,621212121
"948";"NC";1096410205;2071;2010;529411,011588605
"949";"ND";15393968;29;2010;530826,482758621
"950";"NE";90212680;226;2010;399171,150442478
"951";"NH";92173847;207;2010;445284,285024155
"952";"NJ";273286848;622;2010;439367,922829582
"953";"NM";114714308;225;2010;509841,368888889
"954";"NV";18092565;43;2010;420757,325581395
"955";"NY";2105886446;4640;2010;453854,8375
"956";"OH";750339050;1671;2010;449035,936564931
"957";"OK";80408080;170;2010;472988,705882353
"958";"OR";296344833;679;2010;436443,053019146
"959";"PA";1445455357;3405;2010;424509,649632893
"960";"PR";59393149;99;2010;599930,797979798
"961";"RI";154158661;453;2010;340306,094922737
"962";"SC";150202829;391;2010;384150,457800512
"963";"SD";15915627;30;2010;530520,9
"964";"TN";474664377;1088;2010;436272,405330882
"965";"TX";1111901969;2660;2010;418008,259022556
"966";"UT";170522253;407;2010;418973,594594595
"967";"VA";365880539;815;2010;448933,176687117
"968";"VI";1869358;4;2010;467339,5
"969";"VT";60821163;137;2010;443950,094890511
"970";"WA";895939068;1562;2010;573584,550576184
"971";"WI";396196648;948;2010;417928,953586498
"972";"WV";23227760;66;2010;351935,757575758
"973";"WY";7817236;13;2010;601325,846153846
"974";"AK";9191504;12;2011;765958,666666667
"975";"AL";268486551;560;2011;479440,269642857
"976";"AR";62588314;150;2011;417255,426666667
"977";"AZ";183825600;441;2011;416838,095238095
"978";"CA";3535283774;7310;2011;483622,95129959
"979";"CO";320340902;881;2011;363610,5584563
"980";"CT";479524980;1137;2011;421745,80474934
"981";"DC";202364114;357;2011;566846,257703081
"982";"DE";30559438;67;2011;456111,014925373
"983";"FL";492555720;1053;2011;467764,216524217
"984";"GA";463293062;1033;2011;448492,799612778
"985";"GU";1674244;2;2011;837122
"986";"HI";60701012;92;2011;659793,608695652
"987";"IA";197672634;435;2011;454419,848275862
"988";"ID";9332446;14;2011;666603,285714286
"989";"IL";779187357;1886;2011;413142,819194062
"990";"IN";216161791;622;2011;347526,995176849
"991";"KS";105849955;268;2011;394962,518656716
"992";"KY";156270292;413;2011;378378,430992736
"993";"LA";166833340;318;2011;524633,144654088
"994";"MA";2507870229;4930;2011;508695,786815416
"995";"MD";1685375398;2337;2011;721170,47411211
"996";"ME";74907992;127;2011;589826,708661417
"997";"MI";655453661;1539;2011;425895,81611436
"998";"MN";493757624;1029;2011;479842,200194363
"999";"MO";477297245;1085;2011;439905,294930876
"1000";"MS";33857972;85;2011;398329,082352941
"1001";"MT";39716294;71;2011;559384,422535211
"1002";"NC";1063032452;2055;2011;517290,730900243
"1003";"ND";17523884;34;2011;515408,352941176
"1004";"NE";84143479;200;2011;420717,395
"1005";"NH";88436691;196;2011;451207,607142857
"1006";"NJ";250727886;595;2011;421391,405042017
"1007";"NM";105685640;214;2011;493858,130841121
"1008";"NV";20575310;47;2011;437772,553191489
"1009";"NY";2041382093;4606;2011;443200,628093791
"1010";"OH";710986894;1680;2011;423206,48452381
"1011";"OK";82459527;178;2011;463255,769662921
"1012";"OR";303560452;696;2011;436150,074712644
"1013";"PA";1455074919;3357;2011;433445,016085791
"1014";"PR";50243557;94;2011;534505,925531915
"1015";"RI";152818286;470;2011;325145,289361702
"1016";"SC";139992986;396;2011;353517,641414141
"1017";"SD";18592696;31;2011;599764,387096774
"1018";"TN";479882998;1064;2011;451017,855263158
"1019";"TX";1066750534;2570;2011;415078,028793774
"1020";"UT";170963920;417;2011;409985,419664269
"1021";"VA";332251165;766;2011;433748,257180157
"1022";"VI";2778426;3;2011;926142
"1023";"VT";52563537;125;2011;420508,296
"1024";"WA";925981921;1574;2011;588298,552096569
"1025";"WI";402556298;904;2011;445305,639380531
"1026";"WV";18956685;53;2011;357673,301886792
"1027";"WY";6188981;10;2011;618898,1
"1028";"AK";8673839;14;2012;619559,928571429
"1029";"AL";253111519;570;2012;444055,296491228
"1030";"AR";61681136;135;2012;456897,303703704
"1031";"AZ";173611961;423;2012;410430,1678487
"1032";"CA";3474569212;7768;2012;447292,63800206
"1033";"CO";313876933;903;2012;347593,502768549
"1034";"CT";476331120;1201;2012;396612,089925062
"1035";"DC";192113367;378;2012;508236,420634921
"1036";"DE";32694919;67;2012;487983,865671642
"1037";"FL";502112696;1163;2012;431739,205503009
"1038";"GA";465777567;1092;2012;426536,233516484
"1039";"GU";1320045;1;2012;1320045
"1040";"HI";57469079;101;2012;569000,782178218
"1041";"IA";194923354;440;2012;443007,622727273
"1042";"ID";9486875;15;2012;632458,333333333
"1043";"IL";798049640;1983;2012;402445,607665154
"1044";"IN";203015624;624;2012;325345,551282051
"1045";"KS";102161656;255;2012;400633,945098039
"1046";"KY";155902540;403;2012;386854,937965261
"1047";"LA";167988610;343;2012;489762,711370262
"1048";"MA";2561823676;5157;2012;496766,274190421
"1049";"MD";1597575211;2416;2012;661248,017798013
"1050";"ME";75385414;126;2012;598296,936507936
"1051";"MI";632753734;1581;2012;400223,740670462
"1052";"MN";497046006;1083;2012;458952,914127424
"1053";"MO";480235827;1100;2012;436578,024545455
"1054";"MS";34378519;78;2012;440750,243589744
"1055";"MT";28981911;65;2012;445875,553846154
"1056";"NC";1060708387;2292;2012;462787,254363002
"1057";"ND";14724658;35;2012;420704,514285714
"1058";"NE";91493018;221;2012;413995,556561086
"1059";"NH";92014800;200;2012;460074
"1060";"NJ";259568265;612;2012;424131,151960784
"1061";"NM";104421085;221;2012;472493,597285068
"1062";"NV";21493766;44;2012;488494,681818182
"1063";"NY";2042082880;4851;2012;420961,220366935
"1064";"OH";707599023;1698;2012;416724,98409894
"1065";"OK";85477914;187;2012;457101,144385027
"1066";"OR";304571134;713;2012;427168,49088359
"1067";"PA";1460422797;3524;2012;414421,906072645
"1068";"PR";50949641;90;2012;566107,122222222
"1069";"RI";149747871;466;2012;321347,362660944
"1070";"SC";135989849;392;2012;346912,880102041
"1071";"SD";21598948;36;2012;599970,777777778
"1072";"TN";475698331;1112;2012;427786,268884892
"1073";"TX";1076694946;2641;2012;407684,568723968
"1074";"UT";172093296;436;2012;394709,394495413
"1075";"VA";314774907;772;2012;407739,516839378
"1076";"VI";1829892;4;2012;457473
"1077";"VT";52258747;128;2012;408271,4609375
"1078";"WA";917530811;1645;2012;557769,489969605
"1079";"WI";376365540;929;2012;405129,752421959
"1080";"WV";37260279;50;2012;745205,58
"1081";"WY";7157999;12;2012;596499,916666667
"1082";"AK";7715348;13;2013;593488,307692308
"1083";"AL";228361926;551;2013;414449,956442831
"1084";"AR";47375803;111;2013;426809,036036036
"1085";"AZ";181994614;414;2013;439600,516908213
"1086";"CA";3334417367;7692;2013;433491,597373895
"1087";"CO";316250928;896;2013;352958,625
"1088";"CT";444604573;1109;2013;400905,836789901
"1089";"DC";187059381;377;2013;496178,729442971
"1090";"DE";31292299;56;2013;558791,053571429
"1091";"FL";435070486;1126;2013;386385,86678508
"1092";"GA";450948506;1080;2013;417544,912962963
"1093";"GU";938735;1;2013;938735
"1094";"HI";42476104;77;2013;551637,714285714
"1095";"IA";167301383;425;2013;393650,312941176
"1096";"ID";7631975;13;2013;587075
"1097";"IL";760094768;1883;2013;403661,586829527
"1098";"IN";185446148;578;2013;320841,08650519
"1099";"KS";88498840;221;2013;400447,239819005
"1100";"KY";142244879;388;2013;366610,512886598
"1101";"LA";133366855;322;2013;414182,779503106
"1102";"MA";2384194331;5004;2013;476457,700039968
"1103";"MD";1590089001;2306;2013;689544,232870772
"1104";"ME";71863840;117;2013;614220,854700855
"1105";"MI";575888662;1460;2013;394444,289041096
"1106";"MN";493986459;1051;2013;470015,660323501
"1107";"MO";409220062;1067;2013;383523,956888472
"1108";"MS";47719765;82;2013;581948,353658537
"1109";"MT";29180671;73;2013;399735,219178082
"1110";"NC";1037787330;2229;2013;465584,266487214
"1111";"ND";16748955;31;2013;540288,870967742
"1112";"NE";85275133;209;2013;408014,990430622
"1113";"NH";93273045;213;2013;437901,61971831
"1114";"NJ";237706212;650;2013;365701,864615385
"1115";"NM";90338318;201;2013;449444,368159204
"1116";"NV";24763265;45;2013;550294,777777778
"1117";"NY";1946867660;4814;2013;404417,877025343
"1118";"OH";685296857;1643;2013;417100,947656725
"1119";"OK";87850740;169;2013;519826,863905325
"1120";"OR";286841787;665;2013;431341,033082707
"1121";"PA";1387997591;3350;2013;414327,639104478
"1122";"PR";52000817;85;2013;611774,317647059
"1123";"RI";144462615;467;2013;309341,788008565
"1124";"SC";119584114;381;2013;313869,065616798
"1125";"SD";20585586;32;2013;643299,5625
"1126";"TN";456095526;1094;2013;416906,330895795
"1127";"TX";956595241;2487;2013;384638,215118617
"1128";"UT";159170653;433;2013;367599,660508083
"1129";"VA";319864264;768;2013;416489,927083333
"1130";"VI";1839792;4;2013;459948
"1131";"VT";54870347;110;2013;498821,336363636
"1132";"WA";835211940;1577;2013;529620,760938491
"1133";"WI";371985168;910;2013;408774,90989011
"1134";"WV";17326476;44;2013;393783,545454545
"1135";"WY";7681422;15;2013;512094,8
"1136";"AK";10793647;17;2014;634920,411764706
"1137";"AL";254389030;554;2014;459185,974729242
"1138";"AR";44267479;103;2014;429781,349514563
"1139";"AZ";157955333;402;2014;392923,713930348
"1140";"CA";3410496236;7631;2014;446926,515004587
"1141";"CO";310947915;916;2014;339462,78930131
"1142";"CT";464422776;1117;2014;415776,880931065
"1143";"DC";189453303;354;2014;535178,822033898
"1144";"DE";38759337;67;2014;578497,567164179
"1145";"FL";472980811;1101;2014;429592,017257039
"1146";"GA";466527650;1147;2014;406737,27114211
"1147";"HI";47415169;86;2014;551339,174418605
"1148";"IA";164604699;405;2014;406431,355555556
"1149";"ID";10687130;17;2014;628654,705882353
"1150";"IL";710197186;1867;2014;380394,8505624
"1151";"IN";208065343;587;2014;354455,439522998
"1152";"KS";101109172;237;2014;426620,978902954
"1153";"KY";150966278;381;2014;396236,950131234
"1154";"LA";129974273;270;2014;481386,196296296
"1155";"MA";2364750629;4897;2014;482897,820910762
"1156";"MD";1010931562;2081;2014;485791,235944258
"1157";"ME";71653821;111;2014;645529,918918919
"1158";"MI";570661279;1416;2014;403009,377824859
"1159";"MN";496534123;1032;2014;481137,716085271
"1160";"MO";467769290;1064;2014;439632,791353383
"1161";"MS";35261771;73;2014;483037,95890411
"1162";"MT";30932602;66;2014;468675,787878788
"1163";"NC";991876570;2131;2014;465451,229469732
"1164";"ND";15893123;29;2014;548038,724137931
"1165";"NE";88610327;218;2014;406469,389908257
"1166";"NH";96346438;200;2014;481732,19
"1167";"NJ";228454278;537;2014;425426,960893855
"1168";"NM";92919828;213;2014;436243,323943662
"1169";"NV";25543601;45;2014;567635,577777778
"1170";"NY";2069300604;4774;2014;433452,158357771
"1171";"OH";633220134;1536;2014;412252,69140625
"1172";"OK";87727393;173;2014;507094,757225434
"1173";"OR";301075374;666;2014;452065,126126126
"1174";"PA";1496869899;3358;2014;445762,328469327
"1175";"PR";42352575;84;2014;504197,321428571
"1176";"RI";131867381;437;2014;301756,020594966
"1177";"SC";146716608;420;2014;349325,257142857
"1178";"SD";21352280;35;2014;610065,142857143
"1179";"TN";444845210;1069;2014;416132,095416277
"1180";"TX";972156544;2509;2014;387467,73375847
"1181";"UT";164613339;441;2014;373272,87755102
"1182";"VA";280046652;744;2014;376406,790322581
"1183";"VI";1760298;3;2014;586766
"1184";"VT";57695341;107;2014;539208,794392523
"1185";"WA";876933041;1565;2014;560340,601277955
"1186";"WI";383027428;878;2014;436249,917995444
"1187";"WV";18958353;42;2014;451389,357142857
"1188";"WY";7485353;18;2014;415852,944444444
"1189";"AK";13530884;18;2015;751715,777777778
"1190";"AL";280132189;610;2015;459233,096721311
"1191";"AR";39330143;89;2015;441911,719101124
"1192";"AZ";150571834;398;2015;378321,190954774
"1193";"CA";3474161367;7672;2015;452836,465980188
"1194";"CO";328798618;926;2015;355074,101511879
"1195";"CT";461253508;1119;2015;412201,526362824
"1196";"DC";193374195;370;2015;522632,959459459
"1197";"DE";36448281;73;2015;499291,520547945
"1198";"FL";521809306;1105;2015;472225,616289593
"1199";"GA";507035197;1176;2015;431152,378401361
"1200";"GU";385192;1;2015;385192
"1201";"HI";48395466;80;2015;604943,325
"1202";"IA";159953920;376;2015;425409,361702128
"1203";"ID";10519645;14;2015;751403,214285714
"1204";"IL";735888006;1903;2015;386698,89963216
"1205";"IN";214467919;610;2015;351586,752459016
"1206";"KS";85730615;211;2015;406306,232227488
"1207";"KY";160662638;427;2015;376259,105386417
"1208";"LA";129541946;267;2015;485175,827715356
"1209";"MA";2424537355;4892;2015;495612,705437449
"1210";"MD";1292799651;2237;2015;577916,696915512
"1211";"ME";84109422;122;2015;689421,491803279
"1212";"MI";622758951;1488;2015;418520,800403226
"1213";"MN";496711478;1010;2015;491793,542574257
"1214";"MO";471597177;1091;2015;432261,390467461
"1215";"MS";47743710;89;2015;536446,179775281
"1216";"MT";28545042;75;2015;380600,56
"1217";"NC";1055162620;2130;2015;495381,511737089
"1218";"ND";15608301;37;2015;421845,972972973
"1219";"NE";89753028;224;2015;400683,160714286
"1220";"NH";103408148;212;2015;487774,283018868
"1221";"NJ";225123222;552;2015;407831,923913043
"1222";"NM";90519443;192;2015;471455,432291667
"1223";"NV";24989550;50;2015;499791
"1224";"NY";2046827937;4874;2015;419948,284160853
"1225";"OH";670051590;1633;2015;410319,406001225
"1226";"OK";86167366;177;2015;486821,276836158
"1227";"OR";288575225;656;2015;439901,257621951
"1228";"PA";1500310007;3363;2015;446122,511745465
"1229";"PR";46255399;80;2015;578192,4875
"1230";"RI";132453207;432;2015;306604,645833333
"1231";"SC";152455721;411;2015;370938,493917275
"1232";"SD";20553406;32;2015;642293,9375
"1233";"TN";443117044;1040;2015;426074,080769231
"1234";"TX";1004412330;2501;2015;401604,290283886
"1235";"UT";159471205;430;2015;370863,26744186
"1236";"VA";322542956;788;2015;409318,472081218
"1237";"VI";1763865;4;2015;440966,25
"1238";"VT";49247338;99;2015;497447,858585859
"1239";"WA";885339570;1536;2015;576392,94921875
"1240";"WI";403409070;915;2015;440884,229508197
"1241";"WV";20974749;59;2015;355504,220338983
"1242";"WY";10459943;17;2015;615290,764705882
"1243";"AK";14594777;17;2016;858516,294117647
"1244";"AL";294964217;654;2016;451015,622324159
"1245";"AR";96652655;108;2016;894931,990740741
"1246";"AS";333777;1;2016;333777
"1247";"AZ";163447535;382;2016;427873,128272251
"1248";"CA";3686026589;7720;2016;477464,584067358
"1249";"CO";349974172;991;2016;353152,544904137
"1250";"CT";510609681;1179;2016;433087,091603053
"1251";"DC";214175791;361;2016;593284,739612188
"1252";"DE";45371848;75;2016;604957,973333333
"1253";"FL";531720813;1196;2016;444582,619565217
"1254";"GA";520595434;1205;2016;432029,405809129
"1255";"GU";1327275;2;2016;663637,5
"1256";"HI";54427971;86;2016;632883,38372093
"1257";"IA";170060863;415;2016;409785,212048193
"1258";"ID";14139675;19;2016;744193,421052632
"1259";"IL";818027921;1995;2016;410039,058145363
"1260";"IN";225125822;630;2016;357342,574603175
"1261";"KS";91306154;226;2016;404009,530973451
"1262";"KY";163613208;415;2016;394248,693975904
"1263";"LA";141817492;297;2016;477499,973063973
"1264";"MA";2572549176;5029;2016;511542,88645854
"1265";"MD";1465624060;2358;2016;621553,884648007
"1266";"ME";75619398;114;2016;663328,052631579
"1267";"MI";669562129;1530;2016;437622,306535948
"1268";"MN";520225717;1029;2016;505564,350826045
"1269";"MO";508984218;1158;2016;439537,321243523
"1270";"MS";53538828;89;2016;601559,865168539
"1271";"MT";37310308;85;2016;438944,8
"1272";"NC";1154347750;2221;2016;519742,345790185
"1273";"ND";22471682;36;2016;624213,388888889
"1274";"NE";107024633;241;2016;444085,614107884
"1275";"NH";98857889;211;2016;468520,800947867
"1276";"NJ";240135510;571;2016;420552,556917688
"1277";"NM";99743752;218;2016;457540,146788991
"1278";"NV";31316007;55;2016;569381,945454545
"1279";"NY";2205949608;4953;2016;445376,460327075
"1280";"OH";734159508;1694;2016;433388,13931523
"1281";"OK";90675755;182;2016;498218,434065934
"1282";"OR";274614404;616;2016;445802,603896104
"1283";"PA";1570151520;3464;2016;453276,997690531
"1284";"PR";45386049;77;2016;589429,207792208
"1285";"RI";150833713;443;2016;340482,422121896
"1286";"SC";179069761;432;2016;414513,335648148
"1287";"SD";21563049;35;2016;616087,114285714
"1288";"TN";512414823;1187;2016;431688,9831508
"1289";"TX";1097661190;2633;2016;416886,133687809
"1290";"UT";185147981;455;2016;406918,63956044
"1291";"VA";349479689;816;2016;428283,932598039
"1292";"VI";1383174;2;2016;691587
"1293";"VT";48758135;115;2016;423983,782608696
"1294";"WA";952837210;1555;2016;612757,048231511
"1295";"WI";421776499;902;2016;467601,440133038
"1296";"WV";24040666;57;2016;421766,070175439
"1297";"WY";9477709;15;2016;631847,266666667
"1298";"AK";16807959;22;2017;763998,136363636
"1299";"AL";298159928;644;2017;462981,254658385
"1300";"AR";57121262;99;2017;576982,444444444
"1301";"AS";345595;1;2017;345595
"1302";"AZ";189017221;419;2017;451115,085918854
"1303";"CA";3946354973;8013;2017;492494,06876326
"1304";"CO";359373233;1038;2017;346216,987475915
"1305";"CT";523840659;1191;2017;439832,62720403
"1306";"DC";227290658;388;2017;585800,664948454
"1307";"DE";43478947;83;2017;523842,734939759
"1308";"FL";649937528;1294;2017;502270,114374034
"1309";"GA";537432564;1237;2017;434464,481810833
"1310";"GU";1477979;2;2017;738989,5
"1311";"HI";49501218;75;2017;660016,24
"1312";"IA";177382576;436;2017;406840,770642202
"1313";"ID";14111293;21;2017;671966,333333333
"1314";"IL";805534710;2009;2017;400963,021403683
"1315";"IN";260619990;644;2017;404689,425465839
"1316";"KS";100626042;231;2017;435610,571428571
"1317";"KY";188040144;436;2017;431284,733944954
"1318";"LA";141655706;285;2017;497037,564912281
"1319";"MA";2716744336;5185;2017;523962,263452266
"1320";"MD";1611922948;2368;2017;680710,704391892
"1321";"ME";89376475;129;2017;692840,891472868
"1322";"MI";707701422;1598;2017;442866,972465582
"1323";"MN";557123766;1121;2017;496988,194469224
"1324";"MO";537473067;1209;2017;444560,022332506
"1325";"MS";53222915;89;2017;598010,280898876
"1326";"MT";35990724;69;2017;521604,695652174
"1327";"NC";1245779004;2330;2017;534669,100429185
"1328";"ND";18385626;31;2017;593084,709677419
"1329";"NE";108033678;234;2017;461682,384615385
"1330";"NH";108855314;234;2017;465193,64957265
"1331";"NJ";241011762;572;2017;421349,234265734
"1332";"NM";100267575;205;2017;489110,12195122
"1333";"NV";31509616;56;2017;562671,714285714
"1334";"NY";2386044645;5056;2017;471923,387064873
"1335";"OH";754319250;1758;2017;429078,071672355
"1336";"OK";92143859;186;2017;495397,091397849
"1337";"OR";312178061;655;2017;476607,726717557
"1338";"PA";1672904696;3582;2017;467030,903405919
"1339";"PR";43230349;62;2017;697263,693548387
"1340";"RI";170596599;486;2017;351021,808641975
"1341";"SC";183487335;441;2017;416071,054421769
"1342";"SD";23546895;34;2017;692555,735294118
"1343";"TN";511447964;1100;2017;464952,694545455
"1344";"TX";1160644529;2764;2017;419914,80788712
"1345";"UT";198103596;479;2017;413577,444676409
"1346";"VA";376960324;833;2017;452533,402160864
"1347";"VI";278823;1;2017;278823
"1348";"VT";49305329;111;2017;444192,153153153
"1349";"WA";998183675;1656;2017;602767,91968599
"1350";"WI";424884794;915;2017;464354,966120219
"1351";"WV";28279075;58;2017;487570,25862069
"1352";"WY";12436531;19;2017;654554,263157895
"1353";"AK";3095135;6;2018;515855,833333333
"1354";"AL";219406339;434;2018;505544,559907834
"1355";"AR";36168761;66;2018;548011,53030303
"1356";"AS";336671;1;2018;336671
"1357";"AZ";150267787;313;2018;480088,776357827
"1358";"CA";2507770111;5197;2018;482541,8724264
"1359";"CO";255688795;684;2018;373814,027777778
"1360";"CT";348329472;806;2018;432170,560794045
"1361";"DC";123058486;222;2018;554317,504504504
"1362";"DE";29910561;63;2018;474770,80952381
"1363";"FL";377419439;872;2018;432820,457568807
"1364";"GA";352411141;791;2018;445526,094816688
"1365";"GU";530523;1;2018;530523
"1366";"HI";32020467;49;2018;653478,918367347
"1367";"IA";129680405;307;2018;422411,74267101
"1368";"ID";11362263;12;2018;946855,25
"1369";"IL";540695748;1285;2018;420774,901167315
"1370";"IN";156183830;398;2018;392421,683417085
"1371";"KS";66651383;151;2018;441399,887417219
"1372";"KY";125077481;298;2018;419723,090604027
"1373";"LA";104929853;188;2018;558137,515957447
"1374";"MA";1799434579;3435;2018;523852,861426492
"1375";"MD";678674533;1445;2018;469670,957093426
"1376";"ME";60136655;99;2018;607440,95959596
"1377";"MI";513538969;1132;2018;453656,333038869
"1378";"MN";354878365;751;2018;472541,098535286
"1379";"MO";388671361;849;2018;457799,011778563
"1380";"MS";29413958;58;2018;507137,206896552
"1381";"MT";18679644;46;2018;406079,217391304
"1382";"NC";805619908;1422;2018;566540,019690577
"1383";"ND";12386544;22;2018;563024,727272727
"1384";"NE";80326687;177;2018;453823,09039548
"1385";"NH";65978871;131;2018;503655,503816794
"1386";"NJ";158936220;374;2018;424963,155080214
"1387";"NM";60487489;116;2018;521443,870689655
"1388";"NV";22448913;36;2018;623580,916666667
"1389";"NY";1638528312;3481;2018;470706,208560758
"1390";"OH";508627900;1103;2018;461131,368993654
"1391";"OK";59049735;123;2018;480079,146341463
"1392";"OR";225722250;429;2018;526159,090909091
"1393";"PA";1178489597;2515;2018;468584,332803181
"1394";"PR";30437103;41;2018;742368,365853659
"1395";"RI";120668694;350;2018;344767,697142857
"1396";"SC";123701163;290;2018;426555,734482759
"1397";"SD";9148952;19;2018;481523,789473684
"1398";"TN";342101954;761;2018;449542,64651774
"1399";"TX";751688094;1813;2018;414610,090457805
"1400";"UT";130062213;336;2018;387089,919642857
"1401";"VA";225729443;547;2018;412668,085923218
"1402";"VI";554007;2;2018;277003,5
"1403";"VT";32360930;79;2018;409632,025316456
"1404";"WA";686683770;1076;2018;638181,942379182
"1405";"WI";273168329;603;2018;453015,470978441
"1406";"WV";14147640;35;2018;404218,285714286
"1407";"WY";7552572;11;2018;686597,454545455
